자치구,관서명,구분,주소,위도,경도
중구,을지지구대,지구대,서울특별시 중구 퇴계로49길 13,37.5630606893449,127.000148951295
중구,광희지구대,지구대,서울특별시 중구  퇴계로 375-1,37.5652684538307,127.013376356837
중구,약수지구대,지구대,서울특별시 중구  동호로 5길 15,37.5521442775352,127.0123820902
중구,신당파출소,파출소,"서울특별시 중구  다산로 248 (신당동, 신당파출소)",37.5650442671787,127.01638496365
중구,장충파출소,파출소,서울특별시 중구  동호로 261,37.5587633776035,127.004802045236
중구,충무파출소,파출소,서울특별시 중구  퇴계로 178,37.5608715980974,126.991580763073
중구,을지로3가파출소,파출소,서울특별시 중구 충무로56-1,37.5661815238113,126.992848341729
종로구,종로2가지구대,지구대,서울특별시 종로구  종로17길 4 ,37.5705022157858,126.988922852655
종로구,관수파출소,파출소,서울특별시 종로구 삼일대로15길 19 1층(임시파출소),37.5686968013869,126.986345479877
종로구,세검정파출소,파출소,서울특별시 종로구  세검정로 226 ,37.6000216905431,126.958463372948
종로구,평창파출소,파출소,서울특별시 종로구  평창문화로 46,37.6052486740828,126.966627287785
종로구,삼청파출소,파출소,서울특별시 종로구 삼청로 75-2 (팔판동),37.5823437704747,126.981461876813
종로구,통의파출소,파출소,서울특별시 종로구  효자로 9,37.576770888086,126.974006743819
종로구,청운파출소,파출소,서울특별시 종로구  자하문로 92-1,37.5842278806099,126.970583868348
종로구,옥인파출소,파출소,서울특별시 종로구  자하문로17길 24,37.5814734297903,126.96942633294
종로구,교남파출소,파출소,서울특별시 종로구  송월길 152,37.571813578256,126.962199186657
중구,세종로파출소,파출소,서울특별시 중구  세종대로 141,37.5689472465748,126.976429659029
종로구,신문로파출소,파출소,서울특별시 종로구  경희궁길 6-3,37.5707552628269,126.972233913231
종로구,사직파출소,파출소,서울특별시 종로구  사직로9가길 6 1층,37.5765653446751,126.969040837991
종로구,청진파출소,파출소,서울특별시 종로구 우정국로 45-3 1층(임시파출소),37.5729712701818,126.982661854905
중구,태평로파출소,파출소,서울특별시 중구  다동길 11,37.5680079853085,126.979991439354
중구,서울역파출소,파출소,서울특별시 중구  통일로 15,37.5568900574881,126.971673520538
중구,명동파출소,파출소,서울특별시 중구  명동길 30 명동파출소,37.5635895671109,126.983968494252
중구,남대문파출소,파출소,서울특별시 중구  남대문시장4길 28-16,37.5590136645085,126.97639193096
중구,중림파출소,파출소,서울특별시 중구  중림로 36,37.5578893434364,126.967115615717
중구,회현파출소,파출소,서울특별시 중구  퇴계로6길 3-15,37.5584412507708,126.978707165189
중구,서소문파출소,파출소,서울특별시 중구  서소문로 131-1 서소문파출소,37.5638375727378,126.975371960747
서대문구,충정로지구대,지구대,서울특별시 서대문구  독립문로 25-1,37.5698843736468,126.961109299589
서대문구,신촌지구대,지구대,서울특별시 서대문구  신촌역로 22,37.5585525829582,126.943009871743
서대문구,홍은파출소,파출소,서울특별시 서대문구 세검정로1길 112,37.5952477134009,126.946423973198
서대문구,연희파출소,파출소,서울특별시 서대문구  연희로25길 73,37.5702755077088,126.932849090842
서대문구,남가좌파출소,파출소,서울특별시 서대문구  가재울로4길 51,37.5760556480691,126.924059116925
서대문구,북가좌파출소,파출소,서울특별시 서대문구  응암로1길 13,37.5813233182072,126.910566763346
서대문구,홍제파출소,파출소,서울특별시 서대문구  통일로 441-1,37.5881707286561,126.944553282812
서대문구,홍은2파출소,파출소,서울특별시 서대문구  연희로 298,37.5836053290869,126.936211181249
종로구,혜화파출소,파출소,서울특별시 종로구  창경궁로 279 ,37.5861083962149,127.001407548091
종로구,대학로파출소,파출소,서울특별시 종로구  이화장2길 33,37.578611713366,127.006045329114
종로구,명륜파출소,파출소,서울특별시 종로구  성균관로 78,37.5892784329492,126.99759929956
종로구,창신파출소,파출소,서울특별시 종로구  지봉로13길 20-12,37.5784936918859,127.013541968647
종로구,동묘파출소,파출소,서울특별시 종로구  종로58가길 19 동묘파출소,37.5726963187211,127.017117455617
종로구,덕산파출소,파출소,서울시 종로구 낙산성곽동길 20-1,37.5744069177335,127.009344715593
종로구,종로5가파출소,파출소,서울특별시 종로구  동호로 407,37.5707367126759,127.0016317274
종로구,효제파출소,파출소,서울특별시 종로구  종로41나길 24-6,37.5729430706406,127.004866460652
용산구,원효지구대,지구대,서울특별시 용산구  백범로 329,37.5389037956572,126.965012154483
용산구,용중지구대,지구대,"서울특별시 용산구  후암로16나길 17, 용중지구대",37.549159039208,126.978479404326
용산구,이태원파출소,파출소,서울특별시 용산구  이태원로 184,37.5343148256842,126.994425069817
용산구,한남파출소,파출소,"서울특별시 용산구  대사관로34길 53, 한남파출소",37.5310848781248,127.006342547451
용산구,보광파출소,파출소,"서울특별시 용산구  보광로 25-1, 보광파출소",37.5265772465655,127.000208837482
용산구,삼각지파출소,파출소,서울특별시 용산구  한강대로198-2,37.5361101058592,126.974708440403
용산구,한강로지구대,지구대,서울특별시 용산구  서빙고로67,37.5248628078572,126.970412727842
성북구,돈암지구대,지구대,서울특별시 성북구  아리랑로5길 54,37.597322581692,127.012403387654
성북구,안암지구대,지구대,서울특별시 성북구  지봉로21길 45,37.5867215345551,127.016598379745
성북구,길음지구대,지구대,서울특별시 성북구  삼양로13길 51 길음지구대,37.6106032462374,127.01927530244
성북구,정릉파출소,파출소,서울특별시 성북구  솔샘로 111,37.6160729681366,127.008602830264
성북구,정릉2파출소,파출소,서울특별시 성북구  정릉로26길 6 정릉2파출소,37.6045609452845,127.010720369254
성북구,성북파출소,파출소,서울특별시 성북구  성북로 94  성북파출소,37.5932727259297,126.998471952841
동대문구,답십리지구대,지구대,서울시 동대문구 사가정로 2길 9,37.5712942968163,127.051067616943
동대문구,용신지구대,지구대,서울특별시 동대문구  청계천로549,37.5728434233834,127.037208959975
동대문구,청량리파출소,파출소,서울특별시 동대문구 약령시로21가길 15,37.58408952045192,127.0452640374931
동대문구,제기파출소,파출소,서울특별시 동대문구 약령시로 17길 59-11,37.5855626699461,127.042026415272
동대문구,전농1파출소,파출소,서울특별시 동대문구 서울시립대로 56,37.5761294460211,127.047938093483
동대문구,전농2파출소,파출소,서울특별시 동대문구 전농로38다길 21,37.5863730931314,127.054229172919
동대문구,장안1파출소,파출소,서울특별시 동대문구 한천로20길 9,37.5696342993256,127.065004726024
동대문구,장안2파출소,파출소,서울특별시 동대문구  답십리로 69길 100,37.5767936401153,127.074403847227
동대문구,이문지구대,지구대,서울특별시 동대문구  한천로 402,37.5964838564998,127.068115327653
동대문구,휘경파출소,파출소,서울특별시 동대문구  한천로 266,37.5846745156333,127.068023841813
동대문구,회기파출소,파출소,서울특별시 동대문구  회기로18길 2,37.5910847312738,127.05184927022
마포구,서강지구대,지구대,"서울특별시 마포구  독막로22길 8(창전동, 서강지구대)",37.5473472146038,126.929311426746
마포구,공덕지구대,지구대,서울특별시 마포구 마포대로 195-1,37.5518094602317,126.954039818166
마포구,월드컵지구대,지구대,서울특별시 마포구  월드컵북로 30길 24,37.5687316891162,126.909082347349
마포구,홍익지구대,지구대,서울특별시 마포구  양화로11길 63,37.5518763429182,126.913462507314
마포구,용강지구대,지구대,서울특별시 마포구 토정로31길 35,37.5425613405773,126.943083375629
마포구,상암파출소,파출소,서울특별시 마포구  매봉산로 76,37.5782806848788,126.893844619605
마포구,망원파출소,파출소,서울특별시 마포구  망원로2길 63,37.554339428821,126.902733477039
마포구,연남파출소,파출소,서울특별시 마포구  연남로 4,37.5603356081643,126.923762130152
영등포구,중앙지구대,지구대,서울특별시 영등포구  영등포로46길 14,37.5180106135789,126.907513795007
영등포구,여의도지구대,지구대,서울특별시 영등포구  여의공원로 120 여의도지구대,37.5296207835407,126.926691111146
영등포구,문래지구대,지구대,서울특별시 영등포구  경인로 759,37.5135821557429,126.897650067059
영등포구,신풍지구대,지구대,서울특별시 영등포구 대방천로 195(신길동 3741-23),37.4991052479311,126.912794249609
영등포구,신길지구대,지구대,서울특별시 영등포구 노량진로 11,37.5129721223424,126.926507760525
영등포구,양평파출소,파출소,서울특별시 영등포구  선유로 95,37.522723047751,126.889684521673
영등포구,당산지구대,지구대,서울특별시 영등포구  당산로 221,37.5336156813601,126.901263890593
영등포구,대림지구대,지구대,서울특별시 영등포구  대림로23길 16-1,37.4934305498189,126.898702865566
영등포구,대림3파출소,파출소,서울특별시 영등포구 가마산로 334,37.4989872492477,126.896637722866
영등포구,영등포역파출소,파출소,서울특별시 영등포구 영신로20길 11,37.5154533392517,126.908844330818
성동구,한양지구대,지구대,서울특별시 성동구  사근동길 5,37.5603019185024,127.041794349813
성동구,성수지구대,지구대,서울특별시 성동구  광나루로2길 35 성수지구대,37.5482232014778,127.055245559476
성동구,서울숲지구대,지구대,서울특별시 성동구  성덕정길 77-2,37.5380574969255,127.052273266357
성동구,왕십리파출소,파출소,서울특별시 성동구  마장로 205,37.5666688968744,127.032658353836
성동구,행당파출소,파출소,서울특별시 성동구  행당로 89,37.5574303476392,127.028855330735
성동구,옥수파출소,파출소,서울특별시 성동구  독서당로 211,37.5438389184568,127.014348948586
성동구,금호파출소,파출소,서울특별시 성동구  금호로11길 2-1,37.5547388017359,127.019618302754
성동구,응봉파출소,파출소,서울특별시 성동구  독서당로 373 응봉파출소,37.5497977040106,127.030020362088
성동구,용답파출소,파출소,서울특별시 성동구  용답중앙길 49 용답파출소,37.5647821400746,127.051758708211
동작구,사당지구대,지구대,서울특별시 동작구 사당로28길 44,37.480784073458,126.979272590265
동작구,노량진지구대,지구대,서울특별시 동작구  등용로12나길 2,37.51181951880646,126.93375296913918
동작구,상도지구대,지구대,서울특별시 동작구  등용로 24 ,37.5059329821861,126.936202457013
동작구,남성지구대,지구대,서울특별시 동작구 사당로17나길 4,37.4841231762712,126.973263131281
동작구,흑석지구대,지구대,서울특별시 동작구 흑석로13길 13,37.5093773967216,126.960145626416
동작구,신대방지구대,지구대,서울특별시 동작구 신대방1다길 24,37.4866458271285,126.905947114843
동작구,대방파출소,파출소,서울특별시 동작구 여의대방로 130,37.4985652656913,126.920574048532
광진구,광나루지구대,지구대,서울특별시 광진구 아차산로 567,37.5444546646191,127.103316501535
광진구,화양지구대,지구대,서울특별시 광진구  능동로17길 39 화양지구대,37.5465267774587,127.071267629589
광진구,중곡1파출소,파출소,서울특별시 광진구 능동로 385,37.5637201146154,127.082788101087
광진구,중곡2파출소,파출소,서울특별시 광진구  능동로 346,37.5601504693098,127.081475106274
광진구,중곡3파출소,파출소,서울특별시 광진구 동일로76가길 28,37.5688068928836,127.080138097194
광진구,중곡4파출소,파출소,서울특별시 광진구  용마산로24길 7,37.5653510301975,127.087260504516
광진구,자양파출소,파출소,서울특별시 광진구 뚝섬로36길 9,37.5338510333592,127.071612524754
광진구,자양1파출소,파출소,서울특별시 광진구  자양번영로 80,37.5366207935691,127.076922346899
광진구,자양4파출소,파출소,서울특별시 광진구  뚝섬로22가길 43번지 자양4파출소,37.5351870096292,127.063635996316
광진구,구의파출소,파출소,서울특별시 광진구 광나루로 43길 26 구의파출소,37.5458954287516,127.091667652198
은평구,응암지구대,지구대,서울특별시 은평구  은평로 171,37.6016345299694,126.926445885297
은평구,신사지구대,지구대,서울특별시 은평구  은평터널로5길 6호,37.5917796902503,126.90535752555
은평구,녹번파출소,파출소,서울특별시 은평구  진흥로 진흥로200,37.6088118976774,126.931835604338
은평구,응암3파출소,파출소,서울특별시 은평구  응암로 208 ,37.5905275289984,126.917536839269
은평구,역촌파출소,파출소,서울특별시 은평구  연서로 61,37.6045881730664,126.915065656503
강북구,미아지구대,지구대,서울특별시 강북구 도봉로 127,37.6201553368322,127.028264945396
강북구,솔샘지구대,지구대,서울특별시 강북구 오현로 4,37.6163094791984,127.030400810226
강북구,수유1파출소,파출소,서울특별시 강북구  삼양로 305,37.6306754435128,127.017581288566
강북구,수유2파출소,파출소,서울특별시 강북구 삼각산로 115,37.6409379150253,127.017116558812
강북구,수유3파출소,파출소,서울특별시 강북구  한천로150길 76,37.6443352147613,127.026584681492
강북구,인수파출소,파출소,서울특별시 강북구 인수봉로 227,37.6394398066975,127.012404041316
강북구,번동파출소,파출소,서울특별시 강북구  한천로 969,37.6359777996055,127.032580241056
강북구,번3파출소,파출소,서울특별시 강북구  월계로 227,37.6236254564886,127.048129996352
강북구,삼양파출소,파출소,서울특별시 강북구  삼양로 239-1,37.6248320047698,127.018177569406
금천구,금천파출소,파출소,서울특별시 금천구 시흥대로57길 45,37.4542211790837,126.899819857776
금천구,문성지구대,지구대,서울특별시 금천구  독산로 76길 20,37.469535370684,126.903461587069
금천구,백산지구대,지구대,서울특별시 금천구  탑골로2길 37 백산지구대,37.4510427230003,126.912595677405
금천구,가산파출소,파출소,서울특별시 금천구  벚꽃로56길 174,37.4799367297212,126.888055745139
금천구,독산파출소,파출소,서울특별시 금천구  벚꽃로10길 89,37.4646448212254,126.89475752423
중랑구,망우지구대,지구대,서울특별시 중랑구  망우로 391,37.5990315026677,127.095531641978
중랑구,중화지구대,지구대,서울특별시 중랑구  중랑천로 146,37.5979867086444,127.072209222688
중랑구,용마지구대,지구대,서울특별시 중랑구 동일로 566,37.58736895146733,127.07966276181834
중랑구,봉화지구대,지구대,서울특별시 중랑구  신내로 177,37.6148677153533,127.095566508655
중랑구,면목본동파출소,파출소,서울특별시 중랑구  상봉로 27,37.5882027101114,127.093905053377
중랑구,면목삼팔파출소,파출소,서울특별시 중랑구  사가정로41길 45 (면목3.8파출소),37.5832071216876,127.084154900474
중랑구,상봉파출소,파출소,서울특별시 중랑구  중랑천로 69 상봉파출소,37.5913260054733,127.072850562231
중랑구,먹골파출소,파출소,서울특별시 중랑구 숙선옹주로7길 1,37.6146247980813,127.081532352053
강남구,역삼지구대,지구대,서울특별시 강남구 언주로108길 20,37.5083073262681,127.041016042318
강남구,논현1파출소,파출소,서울특별시 강남구 학동로 169,37.5139316398421,127.02929746508
강남구,논현2파출소,파출소,서울특별시 강남구 학동로 227,37.5152133566121,127.033869863067
강남구,삼성1파출소,파출소,서울특별시 강남구 영동대로112길 4,37.5148253314784,127.060590922061
강남구,삼성2파출소,파출소,서울특별시 강남구 선릉로 626,37.5124093351401,127.043517868025
강남구,청담파출소,파출소,서울특별시 강남구 학동로95길 19,37.5207979095084,127.054275568617
강남구,신사파출소,파출소,서울특별시 강남구 도산대로 143,37.5184371949838,127.024134849934
강남구,압구정파출소,파출소,서울특별시 강남구 압구정로 311,37.5293473229076,127.035614442254
관악구,당곡지구대,지구대,서울특별시 관악구  남부순환로191길 12 당곡지구대,37.4860068452142,126.93436440338
관악구,낙성대지구대,지구대,"서울특별시 관악구  봉천로 540, 낙성대지구대",37.4783269065956,126.95759572971
관악구,신림지구대,지구대,서울특별시 관악구  남부순환로188길 12 신림지구대,37.4840164722611,126.933317348962
관악구,관악산지구대,지구대,서울특별시 관악구  신림로 178 관악산지구대,37.473859396558,126.935263149906
관악구,구암지구대,지구대,서울특별시 관악구 은천로 93,37.4873527233282,126.945428874003
관악구,남현파출소,파출소,서울특별시 관악구  남현1가길 29 남현파출소,37.4746878600089,126.977875262005
관악구,난우파출소,파출소,서울특별시 관악구  난곡로64 난우파출소,37.4611182549024,126.919249954798
관악구,미성파출소,파출소,서울특별시 관악구  난곡로64가길 31,37.479924213477,126.915610467133
관악구,신사지구대,지구대,서울특별시 관악구  신사로 106,37.4872984954348,126.914205074264
강서구,화곡지구대,지구대,서울특별시 강서구  화곡로 308,37.5515583488889,126.84965648419
강서구,공항지구대,지구대,서울특별시 강서구  방화동로 5 ,37.5623696520713,126.808278457076
강서구,까치산지구대,지구대,서울특별시 강서구  강서로7길 39,37.5293516336519,126.845560142507
강서구,가양지구대,지구대,서울특별시 강서구 화곡로65길 63,37.559249129802,126.850122609392
강서구,곰달래지구대,지구대,서울특별시 강서구 곰달래로59길 12,37.5328910922891,126.863140780977
강서구,방화3파출소,파출소,서울특별시 강서구  금낭화로26길 16,37.5798053719259,126.814682089465
강서구,염창지구대,지구대,서울특별시 강서구 양천로67길 101,37.5555167163664,126.871575534427
강서구,등촌2파출소,파출소,서울특별시 강서구  등촌로 167 ,37.5448086639425,126.861869176287
강서구,발산지구대,지구대,서울특별시 강서구  수명로2길 46 ,37.5494063246067,126.826042665559
강서구,화곡3파출소,파출소,서울특별시 강서구  강서로45다길 71,37.5446566550337,126.835171321129
강서구,마곡지구대,지구대,서울특별시 강서구 마곡중앙5로 32,37.5672439954454,126.824231110067
강동구,천호지구대,지구대,"서울특별시 강동구  구천면로 141, 천호지구대",37.5425732089475,127.120777276664
강동구,길동지구대,지구대,서울특별시 강동구 양재대로96길 35,37.5294468173711,127.139188803054
강동구,성내지구대,지구대,서울특별시 강동구 성내로 55 (성내동),37.528637992313,127.126362909521
강동구,암사지구대,지구대,서울특별시 강동구  고덕로 137 암사지구대,37.554996356036,127.140784057162
강동구,둔촌파출소,파출소,서울특별시 강동구 양재대로 1340 (둔촌동),37.525777860061,127.135931466677
강동구,명일파출소,파출소,서울특별시 강동구 동남로 895 명일파출소,37.5536441814625,127.156088167669
강동구,강일파출소,파출소,서울특별시 강동구  아리수로91길 20,37.5648715423731,127.173237989766
강동구,고덕파출소,파출소,서울특별시 강동구  고덕로 61길61,37.5573242394469,127.151712873072
강동구,상일파출소,파출소,서울특별시 강동구 고덕로 80길 7,37.5562444204205,127.165767403457
성북구,석관파출소,파출소,서울특별시 성북구  화랑로32가길 20 석관파출소,37.6089598264198,127.055269047643
성북구,장위지구대,지구대,서울특별시 성북구 장월로174 장위지구대,37.6194566597845,127.053803736786
성북구,월곡지구대,지구대,서울특별시 성북구  종암로32길 5 월곡지구대,37.6044288636147,127.032401361745
성북구,종암파출소,파출소,서울특별시 성북구  종암로23길 52,37.6001000928042,127.031259034718
구로구,신구로지구대,지구대,서울특별시 구로구 새말로 26 신구로지구대,37.5022709315884,126.88389609812
구로구,오류지구대,지구대,서울특별시 구로구  고척로1길 34 오류지구대,37.4948162993423,126.838842200207
구로구,구일지구대,지구대,서울특별시 구로구  도림로 63 구일지구대,37.4892521149095,126.890700200107
구로구,고척지구대,지구대,서울특별시 구로구 중앙로 15길 30 고척지구대,37.5066010740517,126.858302326165
구로구,개봉지구대,지구대,서울특별시 구로구  개봉로18길 5 개봉지구대,37.4918322570645,126.856448965021
구로구,구로3파출소,파출소,서울특별시 구로구  디지털로31길 86 구로3파출소,37.4866606515713,126.891399918226
구로구,가리봉파출소,파출소,서울특별시 구로구 남부순환로 1275 가리봉파출소,37.4792089328892,126.892660335738
구로구,천왕파출소,파출소,서울특별시 구로구 오리로 1102-8,37.4838544428815,126.842564336077
서초구,반포지구대,지구대,서울특별시 서초구 신반포로190,37.5059651429834,127.005186250271
서초구,서초2파출소,파출소,서울 서초구 서운로 38,37.4875206192926,127.028982195737
서초구,서초3파출소,파출소,서울 서초구 반포대로30길 40,37.4919750194143,127.010793588595
서초구,양재파출소,파출소,서울 서초구 남부순환로356길 9,37.4845457734066,127.037855508801
서초구,서초파출소,파출소,서울 서초구 효령로 297,37.4852860553806,127.016737938236
서초구,우면파출소,파출소,서울 서초구 양재대로2길 106,37.4561084600715,127.016008083183
서초구,내곡파출소,파출소,서울특별시 서초구 헌릉로 226,37.4549892093417,127.064800488558
양천구,목1지구대,지구대,서울특별시 양천구  목동동로 373,37.535155935841,126.878458075374
양천구,목2지구대,지구대,서울특별시 양천구  등촌로 166,37.544527409853,126.862364416594
양천구,신정1지구대,지구대,서울특별시 양천구  중앙로32길 65,37.5202997079635,126.860768123276
양천구,신정2지구대,지구대,서울특별시 양천구 목동로17길 5,37.5244524591257,126.863575783703
양천구,신월2지구대,지구대,서울특별시 양천구 지양로 55,37.54102212848287,126.83408594025511
양천구,신월1파출소,파출소,서울특별시 양천구  남부순환로59길 8 ,37.5320545919305,126.832251816573
양천구,신정3파출소,파출소,서울특별시 양천구  중앙로 205,37.5149191698884,126.854985652216
양천구,신월5파출소,파출소,서울특별시 양천구  남부순환로31길 37,37.5390738299023,126.830673512582
송파구,방이지구대,지구대,서울특별시 송파구  양재대로71길 5-6,37.5102499083954,127.12574636006
송파구,잠실지구대,지구대,서울특별시 송파구  올림픽로 101,37.5120988483068,127.082140287795
송파구,삼전지구대,지구대,서울특별시 송파구  백제고분로 238,37.5026745946968,127.092748887805
송파구,가락지구대,지구대,서울특별시 송파구  중대로 179,37.4981844710972,127.125313358803
송파구,문정지구대,지구대,서울특별시 송파구 충민로2길 18,37.4782186791907,127.126925891212
송파구,마천파출소,파출소,서울특별시 송파구  마천로 41길 8,37.4970267513558,127.148210129756
송파구,거여파출소,파출소,서울특별시 송파구 새말로15길 9,37.485159448483,127.129717275738
송파구,풍납파출소,파출소,서울특별시 송파구  풍성로 42,37.5341648236007,127.117094888155
송파구,오금파출소,파출소,서울특별시 송파구  마천로8길 17,37.5068995168609,127.128101023042
송파구,신천파출소,파출소,서울특별시 송파구  올림픽로35길 12 ,37.5201681247815,127.112554886342
송파구,위례파출소,파출소,서울특별시 송파구 위례순환로 369,37.4778540602867,127.145875182176
노원구,당현지구대,지구대,서울특별시 노원구  노원로17길 64번지,37.6420207179331,127.068355620094
노원구,월계지구대,지구대,서울특별시 노원구  월계로55길 58,37.6336796200966,127.059287234129
노원구,화랑지구대,지구대,서울특별시 노원구  동일로 1034,37.6225681689702,127.074597834957
노원구,노원역지구대,지구대,서울특별시 노원구 노원로431,37.6550055224449,127.066916404341
노원구,불암지구대,지구대,서울특별시 노원구  한글비석로 277,37.652436756043,127.077338666344
노원구,마들지구대,지구대,서울특별시 노원구  한글비석로 489 마들지구대,37.6645870330059,127.063618910994
노원구,당고개파출소,파출소,서울특별시 노원구 수락산로2길 77,37.6670283056584,127.075851789116
노원구,상계1파출소,파출소,서울특별시 노원구  동일로 1693,37.6796812226531,127.055047135943
서초구,남태령지구대,지구대,서울특별시 서초구  동작대로 34,37.4794964653886,126.982182285789
서초구,서래파출소,파출소,서울특별시 서초구  신반포로 16길 15-14,37.5021102658365,126.996967303365
서초구,이수파출소,파출소,서울특별시 서초구  동광로19길 38,37.4941486658541,126.988846953989
서초구,방배1파출소,파출소,서울특별시 서초구  효령로 31길 64,37.4839605943547,126.995340912361
은평구,불광지구대,지구대,서울특별시 은평구  연서로 290,37.6214183477987,126.926581355932
은평구,연신내지구대,지구대,서울특별시 은평구  갈현로 195,37.6152127182381,126.912708898719
은평구,진관파출소,파출소,서울특별시 은평구  진관3로 38 진관파출소,37.6399452531738,126.920899644798
은평구,대조파출소,파출소,서울특별시 은평구 진흥로13길3-33 (대조동),37.6086729484427,126.924270934554
도봉구,창동지구대,지구대,서울특별시 도봉구 노해로 392,37.6522871533292,127.051715013765
도봉구,신창파출소,파출소,서울특별시 도봉구  도봉로104길 49-5,37.6435195429165,127.034616372573
도봉구,방학파출소,파출소,서울특별시 도봉구  도봉로145길 45 방학파출소,37.6645033394704,127.040015484734
도봉구,신방학파출소,파출소,서울특별시 도봉구  시루봉로5길 10,37.6585099720895,127.02718505544
도봉구,도봉1파출소,파출소,서울특별시 도봉구 도봉로169나길 4 (도봉동),37.6794736285741,127.043412012604
도봉구,도봉2파출소,파출소,서울특별시 도봉구 도봉로 180나길 33,37.6839933331141,127.049278285409
도봉구,쌍문파출소,파출소,서울특별시 도봉구  방학로3길 132,37.6575955499116,127.038002354359
도봉구,숭미파출소,파출소,서울특별시 도봉구  노해로 139 숭미파출소,37.6475127555581,127.025582768186
강남구,도곡지구대,지구대,서울특별시 강남구  언주로 426,37.5013327562925,127.043717717768
강남구,대치지구대,지구대,서울특별시 강남구  삼성로 203,37.4949522265801,127.062649578604
강남구,수서파출소,파출소,서울특별시 강남구  밤고개로1길 48,37.489127606674,127.104813214036
강남구,대왕파출소,파출소,서울특별시 강남구  헌릉로 623,37.4651760424395,127.10736243987
강남구,일원지구대,지구대,서울특별시 강남구  일원로3길 35,37.4924161491256,127.083373556556
강남구,개포지구대,지구대,서울특별시 강남구  개포로 261,37.4797783863169,127.051167625269
