"동별(1)",동별(2),동별(3),2026. 06,2026. 06,2026. 06,2026. 06,2026. 06,2026. 06,2026. 06,2026. 06,2026. 06,2026. 06
"동별(1)",동별(2),동별(3),세대 (세대),합계 (명),합계 (명),합계 (명),한국인 (명),한국인 (명),한국인 (명),외국인 (명),외국인 (명),외국인 (명)
"동별(1)",동별(2),동별(3),소계,소계,남자,여자,소계,남자,여자,소계,남자,여자
"합계",소계,소계,4523170,9560471,4586166,4974305,9289813,4471801,4818012,270658,114365,156293
"합계",종로구,소계,72503,147831,70200,77631,136318,65255,71063,11513,4945,6568
"합계",종로구,청운효자동,4840,10795,4894,5901,10682,4837,5845,113,57,56
"합계",종로구,사직동,4575,9129,4062,5067,8874,3917,4957,255,145,110
"합계",종로구,삼청동,1049,2271,1094,1177,2048,966,1082,223,128,95
"합계",종로구,부암동,4102,9089,4239,4850,8868,4141,4727,221,98,123
"합계",종로구,평창동,7087,17140,7899,9241,16938,7800,9138,202,99,103
"합계",종로구,무악동,2967,7720,3547,4173,7694,3535,4159,26,12,14
"합계",종로구,교남동,4337,9612,4367,5245,9473,4287,5186,139,80,59
"합계",종로구,가회동,1800,3617,1684,1933,3532,1638,1894,85,46,39
"합계",종로구,종로1.2.3.4가동,4895,8548,4980,3568,6625,3994,2631,1923,986,937
"합계",종로구,종로5.6가동,3724,5936,3015,2921,5388,2768,2620,548,247,301
"합계",종로구,이화동,4484,7593,3484,4109,7061,3260,3801,532,224,308
"합계",종로구,혜화동,9317,18889,8560,10329,15719,7491,8228,3170,1069,2101
"합계",종로구,창신1동,2645,5344,2810,2534,4372,2290,2082,972,520,452
"합계",종로구,창신2동,3881,8352,4263,4089,7078,3622,3456,1274,641,633
"합계",종로구,창신3동,2726,6283,3072,3211,6048,2936,3112,235,136,99
"합계",종로구,숭인1동,3018,6049,2950,3099,5678,2779,2899,371,171,200
"합계",종로구,숭인2동,7056,11464,5280,6184,10240,4994,5246,1224,286,938
"합계",중구,소계,63882,127819,61178,66641,117558,56416,61142,10261,4762,5499
"합계",중구,소공동,1243,3552,1709,1843,2207,1026,1181,1345,683,662
"합계",중구,회현동,2278,4675,2372,2303,4042,2045,1997,633,327,306
"합계",중구,명동,1321,3411,1533,1878,2494,1039,1455,917,494,423
"합계",중구,필동,2829,5205,2602,2603,4311,2203,2108,894,399,495
"합계",중구,장충동,2960,5446,2782,2664,4589,2405,2184,857,377,480
"합계",중구,광희동,3972,7001,3408,3593,5722,2786,2936,1279,622,657
"합계",중구,을지로동,2073,3431,1810,1621,3050,1635,1415,381,175,206
"합계",중구,신당동,4692,8678,4112,4566,7276,3518,3758,1402,594,808
"합계",중구,다산동,6701,13268,6386,6882,12837,6187,6650,431,199,232
"합계",중구,약수동,7681,15867,7327,8540,15633,7208,8425,234,119,115
"합계",중구,청구동,5026,10799,5028,5771,10631,4947,5684,168,81,87
"합계",중구,신당5동,5406,10282,4928,5354,9945,4804,5141,337,124,213
"합계",중구,동화동,3949,9882,4725,5157,9737,4653,5084,145,72,73
"합계",중구,황학동,7881,14086,6502,7584,13198,6154,7044,888,348,540
"합계",중구,중림동,5870,12236,5954,6282,11886,5806,6080,350,148,202
"합계",용산구,소계,101982,211973,101100,110873,199648,94807,104841,12325,6293,6032
"합계",용산구,후암동,8308,15998,7651,8347,15573,7440,8133,425,211,214
"합계",용산구,용산2가동,4951,9739,4756,4983,8405,4123,4282,1334,633,701
"합계",용산구,남영동,5016,7511,4434,3077,7029,4218,2811,482,216,266
"합계",용산구,청파동,11530,19706,8801,10905,18775,8578,10197,931,223,708
"합계",용산구,원효로1동,9373,17736,8112,9624,17021,7737,9284,715,375,340
"합계",용산구,원효로2동,6319,13462,6209,7253,13321,6142,7179,141,67,74
"합계",용산구,효창동,4703,10525,4922,5603,10377,4867,5510,148,55,93
"합계",용산구,용문동,5334,11147,5251,5896,11024,5187,5837,123,64,59
"합계",용산구,한강로동,11182,22545,10704,11841,20860,9828,11032,1685,876,809
"합계",용산구,이촌1동,9136,25338,11949,13389,24926,11716,13210,412,233,179
"합계",용산구,이촌2동,3552,7744,3623,4121,7695,3602,4093,49,21,28
"합계",용산구,이태원1동,3093,6684,3453,3231,5398,2648,2750,1286,805,481
"합계",용산구,이태원2동,4672,9869,4731,5138,8336,3961,4375,1533,770,763
"합계",용산구,한남동,6947,15408,7315,8093,13698,6391,7307,1710,924,786
"합계",용산구,서빙고동,5058,12904,6241,6663,12167,5854,6313,737,387,350
"합계",용산구,보광동,2808,5657,2948,2709,5043,2515,2528,614,433,181
"합계",성동구,소계,133771,282607,135812,146795,274517,132380,142137,8090,3432,4658
"합계",성동구,왕십리2동,7336,15979,7612,8367,15630,7462,8168,349,150,199
"합계",성동구,왕십리도선동,12010,26017,12187,13830,25497,11991,13506,520,196,324
"합계",성동구,마장동,11117,22388,10726,11662,21369,10437,10932,1019,289,730
"합계",성동구,사근동,8500,14307,7201,7106,12151,6283,5868,2156,918,1238
"합계",성동구,행당1동,7361,16004,7519,8485,15695,7416,8279,309,103,206
"합계",성동구,행당2동,9109,22350,10431,11919,22265,10401,11864,85,30,55
"합계",성동구,응봉동,5829,14441,6822,7619,14363,6784,7579,78,38,40
"합계",성동구,금호1가동,6328,14299,6782,7517,14227,6749,7478,72,33,39
"합계",성동구,금호2.3가동,9365,20729,9818,10911,20564,9748,10816,165,70,95
"합계",성동구,금호4가동,6289,13912,6511,7401,13743,6418,7325,169,93,76
"합계",성동구,옥수동,10723,25424,11825,13599,25166,11678,13488,258,147,111
"합계",성동구,성수1가1동,7257,15091,7434,7657,14776,7269,7507,315,165,150
"합계",성동구,성수1가2동,7084,14531,6998,7533,14275,6886,7389,256,112,144
"합계",성동구,성수2가1동,7100,13832,7127,6705,13300,6842,6458,532,285,247
"합계",성동구,성수2가3동,4883,9612,4691,4921,9330,4556,4774,282,135,147
"합계",성동구,송정동,5109,9498,4976,4522,9005,4731,4274,493,245,248
"합계",성동구,용답동,8371,14193,7152,7041,13161,6729,6432,1032,423,609
"합계",광진구,소계,172165,348627,165312,183315,330905,158151,172754,17722,7161,10561
"합계",광진구,화양동,18240,28528,12649,15879,22998,10811,12187,5530,1838,3692
"합계",광진구,군자동,11262,21345,10373,10972,18475,9035,9440,2870,1338,1532
"합계",광진구,중곡1동,8602,15330,7245,8085,14776,6991,7785,554,254,300
"합계",광진구,중곡2동,10506,20101,9407,10694,19686,9252,10434,415,155,260
"합계",광진구,중곡3동,8440,15529,7563,7966,15204,7434,7770,325,129,196
"합계",광진구,중곡4동,13190,27237,13087,14150,26778,12907,13871,459,180,279
"합계",광진구,능동,6348,11137,5130,6007,10614,4900,5714,523,230,293
"합계",광진구,광장동,11722,33105,15960,17145,32836,15836,17000,269,124,145
"합계",광진구,자양1동,12147,22429,10716,11713,21442,10302,11140,987,414,573
"합계",광진구,자양2동,12209,26601,12784,13817,26275,12637,13638,326,147,179
"합계",광진구,자양3동,10947,26926,12877,14049,26564,12722,13842,362,155,207
"합계",광진구,자양4동,11380,23298,11175,12123,19873,9674,10199,3425,1501,1924
"합계",광진구,구의1동,13586,23959,11215,12744,23190,10899,12291,769,316,453
"합계",광진구,구의2동,11545,25426,12058,13368,24774,11780,12994,652,278,374
"합계",광진구,구의3동,12041,27676,13073,14603,27420,12971,14449,256,102,154
"합계",동대문구,소계,180852,373535,179162,194373,352848,171755,181093,20687,7407,13280
"합계",동대문구,신설동,9590,17129,8289,8840,16383,8068,8315,746,221,525
"합계",동대문구,용두동,12851,23773,11507,12266,22698,11122,11576,1075,385,690
"합계",동대문구,제기동,12875,24905,12396,12509,22176,11417,10759,2729,979,1750
"합계",동대문구,전농1동,16513,33541,16411,17130,32499,16041,16458,1042,370,672
"합계",동대문구,전농2동,7353,17636,8323,9313,17148,8151,8997,488,172,316
"합계",동대문구,답십리1동,12993,28003,13318,14685,27536,13126,14410,467,192,275
"합계",동대문구,답십리2동,12673,27555,13164,14391,27164,12997,14167,391,167,224
"합계",동대문구,장안1동,18667,37971,18333,19638,37060,18041,19019,911,292,619
"합계",동대문구,장안2동,15074,33459,16392,17067,32945,16189,16756,514,203,311
"합계",동대문구,청량리동,9900,18768,9090,9678,18173,8867,9306,595,223,372
"합계",동대문구,회기동,6770,13758,6054,7704,10311,4872,5439,3447,1182,2265
"합계",동대문구,휘경1동,9043,19324,8670,10654,16799,7845,8954,2525,825,1700
"합계",동대문구,휘경2동,12698,24858,12175,12683,23520,11718,11802,1338,457,881
"합계",동대문구,이문1동,15710,34155,16061,18094,30528,14699,15829,3627,1362,2265
"합계",동대문구,이문2동,8142,18700,8979,9721,17908,8602,9306,792,377,415
"합계",중랑구,소계,190348,383387,186546,196841,376386,183583,192803,7001,2963,4038
"합계",중랑구,면목2동,12048,23348,11561,11787,22849,11341,11508,499,220,279
"합계",중랑구,면목4동,8916,17888,8837,9051,17451,8647,8804,437,190,247
"합계",중랑구,면목5동,6174,13923,6864,7059,13753,6806,6947,170,58,112
"합계",중랑구,면목본동,17739,32533,15958,16575,31534,15512,16022,999,446,553
"합계",중랑구,면목7동,10501,20856,10281,10575,20402,10087,10315,454,194,260
"합계",중랑구,면목3.8동,12723,24090,11865,12225,23424,11554,11870,666,311,355
"합계",중랑구,상봉1동,10351,22944,11060,11884,22746,10977,11769,198,83,115
"합계",중랑구,상봉2동,14003,22403,10448,11955,21862,10231,11631,541,217,324
"합계",중랑구,중화1동,8757,18142,8891,9251,17843,8783,9060,299,108,191
"합계",중랑구,중화2동,14374,26244,13224,13020,25530,12896,12634,714,328,386
"합계",중랑구,묵1동,14857,33091,15696,17395,32844,15595,17249,247,101,146
"합계",중랑구,묵2동,9196,17899,8658,9241,17541,8519,9022,358,139,219
"합계",중랑구,망우본동,18885,38539,18862,19677,37965,18627,19338,574,235,339
"합계",중랑구,망우3동,8253,15693,7800,7893,15146,7574,7572,547,226,321
"합계",중랑구,신내1동,14747,36787,17628,19159,36588,17547,19041,199,81,118
"합계",중랑구,신내2동,8824,19007,8913,10094,18908,8887,10021,99,26,73
"합계",성북구,소계,199807,436471,206585,229886,421762,201144,220618,14709,5441,9268
"합계",성북구,성북동,8040,16122,7417,8705,15513,7165,8348,609,252,357
"합계",성북구,삼선동,11481,22340,10355,11985,21574,10120,11454,766,235,531
"합계",성북구,동선동,9909,16124,6196,9928,14889,5916,8973,1235,280,955
"합계",성북구,돈암1동,5986,13741,6346,7395,13651,6312,7339,90,34,56
"합계",성북구,돈암2동,8519,22904,10793,12111,22781,10743,12038,123,50,73
"합계",성북구,안암동,10546,18161,8638,9523,15621,7815,7806,2540,823,1717
"합계",성북구,보문동,8068,16263,7729,8534,15700,7516,8184,563,213,350
"합계",성북구,정릉1동,7354,17736,8440,9296,17474,8340,9134,262,100,162
"합계",성북구,정릉2동,9511,21795,10342,11453,21445,10212,11233,350,130,220
"합계",성북구,정릉3동,7976,15540,7525,8015,13856,6787,7069,1684,738,946
"합계",성북구,정릉4동,10759,23941,11217,12724,23406,11083,12323,535,134,401
"합계",성북구,길음1동,12793,35463,16771,18692,35307,16716,18591,156,55,101
"합계",성북구,길음2동,8641,21496,10221,11275,21358,10164,11194,138,57,81
"합계",성북구,종암동,17221,39116,18986,20130,36707,18044,18663,2409,942,1467
"합계",성북구,월곡1동,10583,24722,11820,12902,24433,11715,12718,289,105,184
"합계",성북구,월곡2동,9640,19196,8952,10244,18413,8669,9744,783,283,500
"합계",성북구,장위1동,10596,22793,11086,11707,22526,10976,11550,267,110,157
"합계",성북구,장위2동,7842,16065,7842,8223,15678,7679,7999,387,163,224
"합계",성북구,장위3동,7684,18885,9200,9685,18710,9143,9567,175,57,118
"합계",성북구,석관동,16658,34068,16709,17359,32720,16029,16691,1348,680,668
"합계",강북구,소계,142815,285435,136072,149363,278041,133590,144451,7394,2482,4912
"합계",강북구,삼양동,11714,24482,11977,12505,24226,11891,12335,256,86,170
"합계",강북구,미아동,11806,21137,9937,11200,20128,9620,10508,1009,317,692
"합계",강북구,송중동,13573,28074,13318,14756,27189,12937,14252,885,381,504
"합계",강북구,송천동,12121,23191,11364,11827,22649,11145,11504,542,219,323
"합계",강북구,삼각산동,11510,29904,14286,15618,29803,14250,15553,101,36,65
"합계",강북구,번1동,9676,17113,8232,8881,15932,7810,8122,1181,422,759
"합계",강북구,번2동,7391,14329,6808,7521,14155,6744,7411,174,64,110
"합계",강북구,번3동,7516,15409,7078,8331,15343,7058,8285,66,20,46
"합계",강북구,수유1동,10468,19829,9554,10275,19241,9386,9855,588,168,420
"합계",강북구,수유2동,9649,20039,9414,10625,19775,9332,10443,264,82,182
"합계",강북구,수유3동,13608,23936,11259,12677,22303,10779,11524,1633,480,1153
"합계",강북구,우이동,9656,19600,9274,10326,19364,9194,10170,236,80,156
"합계",강북구,인수동,14127,28392,13571,14821,27933,13444,14489,459,127,332
"합계",도봉구,소계,139118,301457,144981,156476,298225,143845,154380,3232,1136,2096
"합계",도봉구,창1동,10584,22892,10810,12082,22638,10705,11933,254,105,149
"합계",도봉구,창2동,12759,27810,13364,14446,27471,13231,14240,339,133,206
"합계",도봉구,창3동,6332,12681,6305,6376,12554,6260,6294,127,45,82
"합계",도봉구,창4동,11300,25971,12339,13632,25856,12290,13566,115,49,66
"합계",도봉구,창5동,10332,23397,11064,12333,23234,11006,12228,163,58,105
"합계",도봉구,도봉1동,10260,19542,9754,9788,19352,9686,9666,190,68,122
"합계",도봉구,도봉2동,11829,25720,12445,13275,25568,12380,13188,152,65,87
"합계",도봉구,쌍문1동,9778,21003,9797,11206,20495,9714,10781,508,83,425
"합계",도봉구,쌍문2동,8424,17507,8380,9127,17257,8243,9014,250,137,113
"합계",도봉구,쌍문3동,8216,16268,7677,8591,15893,7571,8322,375,106,269
"합계",도봉구,쌍문4동,7091,17595,8258,9337,17534,8242,9292,61,16,45
"합계",도봉구,방학1동,13244,28080,13801,14279,27706,13657,14049,374,144,230
"합계",도봉구,방학2동,9043,17673,8829,8844,17426,8724,8702,247,105,142
"합계",도봉구,방학3동,9926,25318,12158,13160,25241,12136,13105,77,22,55
"합계",노원구,소계,217498,486509,232025,254484,481053,229866,251187,5456,2159,3297
"합계",노원구,월계1동,10317,21110,10745,10365,20226,10361,9865,884,384,500
"합계",노원구,월계2동,11572,24724,11801,12923,24513,11716,12797,211,85,126
"합계",노원구,월계3동,12809,27773,13159,14614,27597,13103,14494,176,56,120
"합계",노원구,공릉1동,18941,36123,17318,18805,35241,16953,18288,882,365,517
"합계",노원구,공릉2동,18060,41657,19972,21685,40662,19658,21004,995,314,681
"합계",노원구,하계1동,12253,26044,12378,13666,25321,12049,13272,723,329,394
"합계",노원구,하계2동,7576,19503,9244,10259,19450,9228,10222,53,16,37
"합계",노원구,중계본동,7844,22034,10627,11407,21967,10600,11367,67,27,40
"합계",노원구,중계1동,8922,25830,12622,13208,25735,12589,13146,95,33,62
"합계",노원구,중계4동,8108,18718,9004,9714,18526,8861,9665,192,143,49
"합계",노원구,중계2.3동,14901,31241,14096,17145,31117,14055,17062,124,41,83
"합계",노원구,상계1동,15648,36018,17225,18793,35842,17155,18687,176,70,106
"합계",노원구,상계2동,8581,18745,9171,9574,18534,9092,9442,211,79,132
"합계",노원구,상계3.4동,12288,26536,13127,13409,26412,13088,13324,124,39,85
"합계",노원구,상계5동,10840,22154,10712,11442,21990,10666,11324,164,46,118
"합계",노원구,상계6.7동,13702,30214,13780,16434,30043,13713,16330,171,67,104
"합계",노원구,상계8동,9102,21280,10031,11249,21217,10019,11198,63,12,51
"합계",노원구,상계9동,8298,18916,8790,10126,18840,8766,10074,76,24,52
"합계",노원구,상계10동,7736,17889,8223,9666,17820,8194,9626,69,29,40
"합계",은평구,소계,214777,457745,215871,241874,453212,214139,239073,4533,1732,2801
"합계",은평구,녹번동,17531,35488,16629,18859,35083,16453,18630,405,176,229
"합계",은평구,불광1동,16309,33927,15833,18094,33687,15716,17971,240,117,123
"합계",은평구,불광2동,14181,26395,12630,13765,26127,12535,13592,268,95,173
"합계",은평구,갈현1동,7202,14086,6717,7369,13930,6666,7264,156,51,105
"합계",은평구,갈현2동,12726,26842,12630,14212,26568,12522,14046,274,108,166
"합계",은평구,구산동,13542,30781,14856,15925,30565,14771,15794,216,85,131
"합계",은평구,대조동,15537,27272,12476,14796,26878,12345,14533,394,131,263
"합계",은평구,응암1동,15150,32273,14927,17346,31935,14806,17129,338,121,217
"합계",은평구,응암2동,10949,26978,12979,13999,26751,12884,13867,227,95,132
"합계",은평구,응암3동,12513,23293,11147,12146,22707,10916,11791,586,231,355
"합계",은평구,역촌동,21329,44672,20835,23837,44223,20669,23554,449,166,283
"합계",은평구,신사1동,12023,25820,12213,13607,25594,12135,13459,226,78,148
"합계",은평구,신사2동,9063,19591,9581,10010,19371,9515,9856,220,66,154
"합계",은평구,증산동,6583,15287,7323,7964,15140,7261,7879,147,62,85
"합계",은평구,수색동,8596,21278,10228,11050,21088,10145,10943,190,83,107
"합계",은평구,진관동,21543,53762,24867,28895,53565,24800,28765,197,67,130
"합계",서대문구,소계,147178,315872,145940,169932,299810,141189,158621,16062,4751,11311
"합계",서대문구,천연동,7612,16442,7742,8700,16246,7631,8615,196,111,85
"합계",서대문구,북아현동,7012,15427,7409,8018,15076,7259,7817,351,150,201
"합계",서대문구,충현동,9927,19590,9330,10260,19097,9104,9993,493,226,267
"합계",서대문구,신촌동,15558,27840,10259,17581,20650,8751,11899,7190,1508,5682
"합계",서대문구,연희동,18697,36573,16794,19779,33030,15596,17434,3543,1198,2345
"합계",서대문구,홍제1동,11204,24512,11345,13167,24256,11242,13014,256,103,153
"합계",서대문구,홍제3동,7924,17351,8180,9171,17157,8108,9049,194,72,122
"합계",서대문구,홍제2동,5223,11894,5511,6383,11803,5477,6326,91,34,57
"합계",서대문구,홍은1동,10415,23548,11223,12325,23322,11143,12179,226,80,146
"합계",서대문구,홍은2동,12745,28074,13279,14795,27047,12903,14144,1027,376,651
"합계",서대문구,남가좌1동,6395,17517,8327,9190,17264,8239,9025,253,88,165
"합계",서대문구,남가좌2동,13244,29931,14019,15912,28277,13453,14824,1654,566,1088
"합계",서대문구,북가좌1동,6714,17238,8241,8997,17095,8170,8925,143,71,72
"합계",서대문구,북가좌2동,14508,29935,14281,15654,29490,14113,15377,445,168,277
"합계",마포구,소계,180580,367787,169243,198544,356487,165403,191084,11300,3840,7460
"합계",마포구,아현동,12118,29088,13406,15682,28566,13198,15368,522,208,314
"합계",마포구,공덕동,18498,36564,16976,19588,35843,16662,19181,721,314,407
"합계",마포구,도화동,9294,20457,9658,10799,20213,9538,10675,244,120,124
"합계",마포구,용강동,9266,21542,10073,11469,21165,9893,11272,377,180,197
"합계",마포구,대흥동,8689,16028,7292,8736,14221,6746,7475,1807,546,1261
"합계",마포구,염리동,7710,17520,8177,9343,16740,7975,8765,780,202,578
"합계",마포구,신수동,10109,22326,10794,11532,21955,10653,11302,371,141,230
"합계",마포구,서강동,12294,25121,11841,13280,24345,11620,12725,776,221,555
"합계",마포구,서교동,15135,25829,11340,14489,23436,10664,12772,2393,676,1717
"합계",마포구,합정동,8865,15849,7178,8671,15446,7042,8404,403,136,267
"합계",마포구,망원1동,10017,18658,8635,10023,18336,8496,9840,322,139,183
"합계",마포구,망원2동,8176,17292,7971,9321,17062,7887,9175,230,84,146
"합계",마포구,연남동,8296,14747,6754,7993,13825,6417,7408,922,337,585
"합계",마포구,성산1동,9644,18678,8455,10223,18300,8317,9983,378,138,240
"합계",마포구,성산2동,19676,38303,16836,21467,37924,16742,21182,379,94,285
"합계",마포구,상암동,12793,29785,13857,15928,29110,13553,15557,675,304,371
"합계",양천구,소계,179105,424565,206166,218399,421247,204885,216362,3318,1281,2037
"합계",양천구,목1동,10312,29938,14387,15551,29799,14320,15479,139,67,72
"합계",양천구,목2동,13246,27981,13367,14614,27731,13274,14457,250,93,157
"합계",양천구,목3동,10079,20665,9766,10899,20469,9689,10780,196,77,119
"합계",양천구,목4동,9889,23659,11455,12204,23485,11399,12086,174,56,118
"합계",양천구,목5동,13528,40478,19981,20497,40354,19937,20417,124,44,80
"합계",양천구,신월1동,9879,18691,9519,9172,18426,9425,9001,265,94,171
"합계",양천구,신월2동,8706,20537,9945,10592,20385,9895,10490,152,50,102
"합계",양천구,신월3동,7420,13675,7177,6498,13463,7090,6373,212,87,125
"합계",양천구,신월4동,6767,16666,8022,8644,16571,7990,8581,95,32,63
"합계",양천구,신월5동,6359,13757,6748,7009,13608,6690,6918,149,58,91
"합계",양천구,신월6동,5309,13643,6656,6987,13574,6627,6947,69,29,40
"합계",양천구,신월7동,9068,17979,8673,9306,17819,8625,9194,160,48,112
"합계",양천구,신정1동,6957,19432,9449,9983,19342,9406,9936,90,43,47
"합계",양천구,신정2동,6885,18702,9131,9571,18612,9092,9520,90,39,51
"합계",양천구,신정3동,18375,45373,21885,23488,45089,21768,23321,284,117,167
"합계",양천구,신정4동,16650,31760,15221,16539,31091,14960,16131,669,261,408
"합계",양천구,신정6동,8216,23867,11543,12324,23826,11523,12303,41,20,21
"합계",양천구,신정7동,11460,27762,13241,14521,27603,13175,14428,159,66,93
"합계",강서구,소계,274577,555152,264507,290645,548515,261729,286786,6637,2778,3859
"합계",강서구,염창동,16865,41148,19652,21496,40993,19600,21393,155,52,103
"합계",강서구,등촌1동,14299,25110,11485,13625,24846,11406,13440,264,79,185
"합계",강서구,등촌2동,8638,19036,9259,9777,18886,9195,9691,150,64,86
"합계",강서구,등촌3동,15052,28663,13407,15256,28460,13322,15138,203,85,118
"합계",강서구,화곡1동,28307,50860,24415,26445,49621,23939,25682,1239,476,763
"합계",강서구,화곡2동,8263,17012,8128,8884,16671,7991,8680,341,137,204
"합계",강서구,화곡3동,9662,20641,9788,10853,20440,9708,10732,201,80,121
"합계",강서구,화곡4동,9665,19359,9332,10027,18975,9178,9797,384,154,230
"합계",강서구,화곡본동,17269,32162,15513,16649,31632,15320,16312,530,193,337
"합계",강서구,화곡6동,13436,25627,12176,13451,25262,12034,13228,365,142,223
"합계",강서구,화곡8동,11504,22733,10916,11817,22275,10717,11558,458,199,259
"합계",강서구,가양1동,21043,33674,15044,18630,33337,14916,18421,337,128,209
"합계",강서구,가양2동,7897,12902,6062,6840,12833,6040,6793,69,22,47
"합계",강서구,가양3동,7529,13402,6189,7213,13315,6151,7164,87,38,49
"합계",강서구,발산1동,13614,34855,16397,18458,34552,16208,18344,303,189,114
"합계",강서구,우장산동,17461,43899,20804,23095,43623,20697,22926,276,107,169
"합계",강서구,공항동,13768,29146,14695,14451,28549,14379,14170,597,316,281
"합계",강서구,방화1동,16829,40735,19784,20951,40479,19656,20823,256,128,128
"합계",강서구,방화2동,12373,22816,11265,11551,22537,11129,11408,279,136,143
"합계",강서구,방화3동,11103,21372,10196,11176,21229,10143,11086,143,53,90
"합계",구로구,소계,185143,404659,198273,206386,382633,186738,195895,22026,11535,10491
"합계",구로구,신도림동,14441,36008,17292,18716,35683,17127,18556,325,165,160
"합계",구로구,구로1동,8425,20193,9846,10347,20001,9768,10233,192,78,114
"합계",구로구,구로2동,12075,27623,14117,13506,21641,10786,10855,5982,3331,2651
"합계",구로구,구로3동,13708,24442,12551,11891,22656,11695,10961,1786,856,930
"합계",구로구,구로4동,10064,21142,10382,10760,17563,8410,9153,3579,1972,1607
"합계",구로구,구로5동,15597,31008,15126,15882,28476,13867,14609,2532,1259,1273
"합계",구로구,가리봉동,6199,11986,6639,5347,8855,4894,3961,3131,1745,1386
"합계",구로구,고척1동,11708,26542,13151,13391,26227,13005,13222,315,146,169
"합계",구로구,고척2동,11321,25141,12327,12814,24759,12126,12633,382,201,181
"합계",구로구,개봉1동,15404,33987,16786,17201,33189,16371,16818,798,415,383
"합계",구로구,개봉2동,12716,29476,14093,15383,29050,13884,15166,426,209,217
"합계",구로구,개봉3동,8551,18972,9131,9841,18530,8912,9618,442,219,223
"합계",구로구,오류1동,13344,23931,11295,12636,22994,10896,12098,937,399,538
"합계",구로구,오류2동,15497,35964,16998,18966,35376,16720,18656,588,278,310
"합계",구로구,수궁동,9927,22080,10773,11307,21687,10597,11090,393,176,217
"합계",구로구,항동,6166,16164,7766,8398,15946,7680,8266,218,86,132
"합계",금천구,소계,122059,235351,118278,117073,222503,111649,110854,12848,6629,6219
"합계",금천구,가산동,18931,27765,14819,12946,25532,13644,11888,2233,1175,1058
"합계",금천구,독산1동,26782,49646,25048,24598,47669,24112,23557,1977,936,1041
"합계",금천구,독산2동,9354,18335,9200,9135,17067,8552,8515,1268,648,620
"합계",금천구,독산3동,12732,25523,12959,12564,22557,11323,11234,2966,1636,1330
"합계",금천구,독산4동,7415,15237,7679,7558,13779,6895,6884,1458,784,674
"합계",금천구,시흥1동,16308,32434,16059,16375,30956,15321,15635,1478,738,740
"합계",금천구,시흥2동,8138,19823,9489,10334,19705,9445,10260,118,44,74
"합계",금천구,시흥3동,4665,10071,4974,5097,9904,4887,5017,167,87,80
"합계",금천구,시흥4동,8807,18872,9329,9543,18232,9011,9221,640,318,322
"합계",금천구,시흥5동,8927,17645,8722,8923,17102,8459,8643,543,263,280
"합계",영등포구,소계,193619,393312,192290,201022,371867,181242,190625,21445,11048,10397
"합계",영등포구,영등포본동,10418,21867,11237,10630,20241,10376,9865,1626,861,765
"합계",영등포구,영등포동,22352,32150,16139,16011,31197,15754,15443,953,385,568
"합계",영등포구,여의동,14248,34375,16121,18254,33980,15914,18066,395,207,188
"합계",영등포구,당산1동,11981,21435,10233,11202,21026,10064,10962,409,169,240
"합계",영등포구,당산2동,19007,36789,17080,19709,36343,16916,19427,446,164,282
"합계",영등포구,도림동,9973,19358,9797,9561,17543,8891,8652,1815,906,909
"합계",영등포구,문래동,12971,31248,15171,16077,31047,15080,15967,201,91,110
"합계",영등포구,양평1동,10597,19733,9326,10407,19453,9224,10229,280,102,178
"합계",영등포구,양평2동,11324,22695,10843,11852,22415,10737,11678,280,106,174
"합계",영등포구,신길1동,11719,20167,10230,9937,18934,9576,9358,1233,654,579
"합계",영등포구,신길3동,7869,16910,8418,8492,16042,7946,8096,868,472,396
"합계",영등포구,신길4동,5710,12368,6071,6297,11778,5784,5994,590,287,303
"합계",영등포구,신길5동,4447,10386,5104,5282,9497,4592,4905,889,512,377
"합계",영등포구,신길6동,9204,18358,8869,9489,17698,8544,9154,660,325,335
"합계",영등포구,신길7동,7865,19531,9634,9897,19341,9545,9796,190,89,101
"합계",영등포구,대림1동,6793,15494,7754,7740,13186,6507,6679,2308,1247,1061
"합계",영등포구,대림2동,6866,16624,8354,8270,11457,5544,5913,5167,2810,2357
"합계",영등포구,대림3동,10275,23824,11909,11915,20689,10248,10441,3135,1661,1474
"합계",동작구,소계,188064,384204,184273,199931,371999,179484,192515,12205,4789,7416
"합계",동작구,노량진1동,18536,35378,17936,17442,33529,17192,16337,1849,744,1105
"합계",동작구,노량진2동,5449,8585,4554,4031,7615,4063,3552,970,491,479
"합계",동작구,상도1동,23253,46035,21938,24097,43968,21292,22676,2067,646,1421
"합계",동작구,상도2동,12317,27174,12772,14402,26716,12623,14093,458,149,309
"합계",동작구,상도3동,12241,23810,11203,12607,23331,11008,12323,479,195,284
"합계",동작구,상도4동,14784,29145,14093,15052,28647,13925,14722,498,168,330
"합계",동작구,흑석동,13027,32039,15025,17014,29844,14301,15543,2195,724,1471
"합계",동작구,사당1동,14004,22591,10808,11783,22100,10624,11476,491,184,307
"합계",동작구,사당2동,12499,27867,13310,14557,27594,13187,14407,273,123,150
"합계",동작구,사당3동,10437,23435,11268,12167,23223,11188,12035,212,80,132
"합계",동작구,사당4동,7322,13744,6536,7208,13549,6452,7097,195,84,111
"합계",동작구,사당5동,6609,13748,6564,7184,13631,6513,7118,117,51,66
"합계",동작구,대방동,16076,33875,15871,18004,33466,15712,17754,409,159,250
"합계",동작구,신대방1동,10476,24499,11795,12704,22795,10912,11883,1704,883,821
"합계",동작구,신대방2동,11034,22279,10600,11679,21991,10492,11499,288,108,180
"합계",관악구,소계,291311,497589,247915,249674,477797,240032,237765,19792,7883,11909
"합계",관악구,보라매동,12967,23439,11393,12046,22892,11157,11735,547,236,311
"합계",관악구,청림동,6343,14303,6817,7486,14155,6753,7402,148,64,84
"합계",관악구,성현동,12913,29624,14231,15393,29398,14131,15267,226,100,126
"합계",관악구,행운동,18359,29105,13859,15246,28378,13630,14748,727,229,498
"합계",관악구,낙성대동,12657,18408,9242,9166,17739,8951,8788,669,291,378
"합계",관악구,청룡동,24943,37244,17691,19553,36060,17257,18803,1184,434,750
"합계",관악구,은천동,16065,31831,15422,16409,31284,15221,16063,547,201,346
"합계",관악구,중앙동,10575,15570,7348,8222,15147,7191,7956,423,157,266
"합계",관악구,인헌동,15115,25445,12222,13223,24971,12049,12922,474,173,301
"합계",관악구,남현동,9825,17377,8363,9014,17157,8282,8875,220,81,139
"합계",관악구,서원동,15550,23904,12377,11527,22797,11993,10804,1107,384,723
"합계",관악구,신원동,11391,18075,9127,8948,17153,8744,8409,922,383,539
"합계",관악구,서림동,15888,25218,13825,11393,23572,13184,10388,1646,641,1005
"합계",관악구,신사동,14822,24235,11935,12300,22073,10950,11123,2162,985,1177
"합계",관악구,신림동,19787,24850,13180,11670,23533,12743,10790,1317,437,880
"합계",관악구,난향동,6125,14386,6998,7388,14266,6941,7325,120,57,63
"합계",관악구,조원동,12683,21382,10560,10822,19910,9854,10056,1472,706,766
"합계",관악구,대학동,18629,29665,17164,12501,25069,15374,9695,4596,1790,2806
"합계",관악구,삼성동,9804,20098,9918,10180,19909,9842,10067,189,76,113
"합계",관악구,미성동,14081,28938,14108,14830,28303,13839,14464,635,269,366
"합계",관악구,난곡동,12789,24492,12135,12357,24031,11946,12085,461,189,272
"합계",서초구,소계,173895,419310,198980,220330,414383,196662,217721,4927,2318,2609
"합계",서초구,서초1동,9571,20260,9675,10585,20034,9588,10446,226,87,139
"합계",서초구,서초2동,11555,25272,11869,13403,24832,11652,13180,440,217,223
"합계",서초구,서초3동,15710,32546,15320,17226,32113,15115,16998,433,205,228
"합계",서초구,서초4동,10713,30237,14709,15528,29962,14573,15389,275,136,139
"합계",서초구,잠원동,13135,34373,16535,17838,34069,16399,17670,304,136,168
"합계",서초구,반포본동,101,209,101,108,204,97,107,5,4,1
"합계",서초구,반포1동,14428,33608,16393,17215,33083,16183,16900,525,210,315
"합계",서초구,반포2동,8611,26689,12603,14086,26533,12528,14005,156,75,81
"합계",서초구,반포3동,8228,23660,11232,12428,23580,11194,12386,80,38,42
"합계",서초구,반포4동,6854,18698,8761,9937,17878,8315,9563,820,446,374
"합계",서초구,방배본동,7825,20019,9200,10819,19822,9097,10725,197,103,94
"합계",서초구,방배1동,7560,16478,7674,8804,16309,7596,8713,169,78,91
"합계",서초구,방배2동,7735,17499,8128,9371,17377,8080,9297,122,48,74
"합계",서초구,방배3동,5768,15522,7349,8173,15372,7282,8090,150,67,83
"합계",서초구,방배4동,10649,26014,11841,14173,25660,11691,13969,354,150,204
"합계",서초구,양재1동,17450,40543,19092,21451,40218,18960,21258,325,132,193
"합계",서초구,양재2동,11020,21045,10540,10505,20774,10384,10390,271,156,115
"합계",서초구,내곡동,6982,16638,7958,8680,16563,7928,8635,75,30,45
"합계",강남구,소계,244779,558993,266597,292396,552830,263818,289012,6163,2779,3384
"합계",강남구,신사동,6535,15172,7095,8077,14969,6998,7971,203,97,106
"합계",강남구,논현1동,13458,21436,10074,11362,20589,9740,10849,847,334,513
"합계",강남구,논현2동,11108,20496,9524,10972,20085,9341,10744,411,183,228
"합계",강남구,압구정동,9953,25660,11918,13742,25429,11802,13627,231,116,115
"합계",강남구,청담동,11511,26619,12442,14177,26344,12292,14052,275,150,125
"합계",강남구,삼성1동,5554,13058,6396,6662,12752,6194,6558,306,202,104
"합계",강남구,삼성2동,13798,30490,14509,15981,30171,14353,15818,319,156,163
"합계",강남구,대치1동,7195,23545,11835,11710,23509,11813,11696,36,22,14
"합계",강남구,대치2동,13411,38415,19542,18873,38227,19415,18812,188,127,61
"합계",강남구,대치4동,9584,18369,8732,9637,18018,8594,9424,351,138,213
"합계",강남구,역삼1동,23862,35660,17330,18330,34228,16744,17484,1432,586,846
"합계",강남구,역삼2동,15622,36343,16864,19479,35942,16700,19242,401,164,237
"합계",강남구,도곡1동,8483,20885,9781,11104,20764,9733,11031,121,48,73
"합계",강남구,도곡2동,11281,31619,14579,17040,31502,14504,16998,117,75,42
"합계",강남구,개포1동,9127,26544,12780,13764,26479,12745,13734,65,35,30
"합계",강남구,개포2동,14175,40206,19458,20748,40040,19386,20654,166,72,94
"합계",강남구,개포3동,6943,15474,7414,8060,15404,7387,8017,70,27,43
"합계",강남구,개포4동,10049,23179,11126,12053,22999,11047,11952,180,79,101
"합계",강남구,세곡동,20172,45844,21390,24454,45640,21317,24323,204,73,131
"합계",강남구,일원본동,7926,22267,10996,11271,22246,10988,11258,21,8,13
"합계",강남구,일원1동,7468,14184,6755,7429,14039,6698,7341,145,57,88
"합계",강남구,수서동,7564,13528,6057,7471,13454,6027,7427,74,30,44
"합계",송파구,소계,289693,656460,313815,342645,650258,311081,339177,6202,2734,3468
"합계",송파구,풍납1동,5111,10948,5359,5589,10596,5181,5415,352,178,174
"합계",송파구,풍납2동,10624,23181,10908,12273,22954,10816,12138,227,92,135
"합계",송파구,거여1동,5667,11861,5813,6048,11770,5779,5991,91,34,57
"합계",송파구,거여2동,10060,23002,11069,11933,22906,11032,11874,96,37,59
"합계",송파구,마천1동,7265,15213,7714,7499,15079,7664,7415,134,50,84
"합계",송파구,마천2동,8395,17026,8641,8385,16863,8567,8296,163,74,89
"합계",송파구,방이1동,6134,14843,7098,7745,14748,7061,7687,95,37,58
"합계",송파구,방이2동,16259,27024,12090,14934,26301,11793,14508,723,297,426
"합계",송파구,오륜동,5872,17401,8574,8827,17369,8558,8811,32,16,16
"합계",송파구,오금동,15738,37236,17954,19282,36911,17799,19112,325,155,170
"합계",송파구,송파1동,12504,23154,10663,12491,22839,10520,12319,315,143,172
"합계",송파구,송파2동,6980,17746,8514,9232,17616,8459,9157,130,55,75
"합계",송파구,석촌동,17077,30423,14282,16141,29872,14068,15804,551,214,337
"합계",송파구,삼전동,16002,28480,13297,15183,28062,13123,14939,418,174,244
"합계",송파구,가락본동,11714,24808,12256,12552,24530,12136,12394,278,120,158
"합계",송파구,가락1동,9757,27418,13186,14232,27053,13004,14049,365,182,183
"합계",송파구,가락2동,11749,28608,13946,14662,28431,13871,14560,177,75,102
"합계",송파구,문정1동,8999,19793,9692,10101,19611,9605,10006,182,87,95
"합계",송파구,문정2동,15800,28751,13156,15595,28548,13068,15480,203,88,115
"합계",송파구,장지동,13239,30851,14747,16104,30689,14680,16009,162,67,95
"합계",송파구,위례동,15037,45004,21806,23198,44859,21767,23092,145,39,106
"합계",송파구,잠실본동,15963,27442,12970,14472,26925,12734,14191,517,236,281
"합계",송파구,잠실2동,11511,34561,16531,18030,34460,16470,17990,101,61,40
"합계",송파구,잠실3동,11767,33495,15834,17661,33358,15762,17596,137,72,65
"합계",송파구,잠실4동,11319,32632,15698,16934,32554,15661,16893,78,37,41
"합계",송파구,잠실6동,5782,16247,7687,8560,16060,7582,8478,187,105,82
"합계",송파구,잠실7동,3368,9312,4330,4982,9294,4321,4973,18,9,9
"합계",강동구,소계,223649,503821,245045,258776,499011,242958,256053,4810,2087,2723
"합계",강동구,강일동,13898,34415,16415,18000,34223,16353,17870,192,62,130
"합계",강동구,상일1동,13539,39003,19120,19883,38853,19044,19809,150,76,74
"합계",강동구,상일2동,5266,13181,6155,7026,13130,6136,6994,51,19,32
"합계",강동구,명일1동,10025,24822,12143,12679,24707,12101,12606,115,42,73
"합계",강동구,명일2동,6433,16909,8237,8672,16804,8181,8623,105,56,49
"합계",강동구,고덕1동,8141,23687,12187,11500,23603,12144,11459,84,43,41
"합계",강동구,고덕2동,10362,26400,13123,13277,26176,12982,13194,224,141,83
"합계",강동구,암사1동,15859,32809,16116,16693,32502,15993,16509,307,123,184
"합계",강동구,암사2동,6413,14540,7049,7491,14472,7027,7445,68,22,46
"합계",강동구,암사3동,6037,16861,8155,8706,16821,8137,8684,40,18,22
"합계",강동구,천호1동,12420,24133,11762,12371,23858,11662,12196,275,100,175
"합계",강동구,천호2동,19297,36660,17734,18926,36019,17456,18563,641,278,363
"합계",강동구,천호3동,15830,28327,13533,14794,27670,13189,14481,657,344,313
"합계",강동구,성내1동,8239,19004,9043,9961,18834,8988,9846,170,55,115
"합계",강동구,성내2동,13917,24475,11802,12673,23832,11485,12347,643,317,326
"합계",강동구,성내3동,10664,21885,10568,11317,21516,10430,11086,369,138,231
"합계",강동구,길동,24369,48372,23345,25027,47898,23185,24713,474,160,314
"합계",강동구,둔촌1동,11969,33052,16209,16843,32933,16169,16764,119,40,79
"합계",강동구,둔촌2동,10971,25286,12349,12937,25160,12296,12864,126,53,73
